date,min,max,median,q1,q3,stdev,count
2024-12-10T00:00:00.000Z,1.78,3.83,2.96,2.57,3.07,0.537,10
2024-12-11T00:00:00.000Z,1.47,10.32,5.6,2.6,8.36,2.927,24
2024-12-12T00:00:00.000Z,2.14,31.24,14.36,10.09,18.55,7.71,24
2024-12-13T00:00:00.000Z,14.65,34.4,27.12,24.54,32.09,5.665,24
2024-12-14T00:00:00.000Z,2.31,32.6,12.45,5.75,26.29,10.366,24
2024-12-15T00:00:00.000Z,0.89,8.19,3.41,2.54,4.38,1.649,24
2024-12-16T00:00:00.000Z,0.39,4.88,1.21,0.49,3.06,1.498,24
2024-12-17T00:00:00.000Z,5.01,19.62,9.36,7.44,14.16,4.176,24
2024-12-18T00:00:00.000Z,1.25,12.78,2.73,1.72,4.03,2.845,24
2024-12-19T00:00:00.000Z,0.39,6.55,1.47,0.87,3.27,1.743,18
2024-12-20T00:00:00.000Z,2.12,7.64,3.46,2.95,4.69,1.575,20
2024-12-21T00:00:00.000Z,0.9,9.17,3.72,2.8,6.71,2.269,24
2024-12-22T00:00:00.000Z,0.72,6.39,1.48,1.25,3.45,1.748,24
2024-12-23T00:00:00.000Z,2.64,15.9,4.01,3.26,10.01,4.017,24
2024-12-24T00:00:00.000Z,13.38,23.53,18.95,16.64,20.87,2.461,24
2024-12-25T00:00:00.000Z,2.19,23.23,10.67,6.85,18.3,6.6,24
2024-12-26T00:00:00.000Z,7.01,28.18,19.91,12.23,23.36,6.457,24
2024-12-27T00:00:00.000Z,11.82,25.7,20.14,18,23.35,3.603,24
2024-12-28T00:00:00.000Z,13.3,24.05,18.79,17.67,21.48,3.035,24
2024-12-29T00:00:00.000Z,4.26,18.22,10.81,8.25,15.38,4.033,19
2024-12-30T00:00:00.000Z,1.66,8.1,3.08,2.6,3.87,1.432,15
2024-12-31T00:00:00.000Z,1.27,6.85,2.98,2.19,3.77,1.398,18
2025-01-01T00:00:00.000Z,0.39,6.39,1.67,1.25,2.63,1.453,17
2025-01-02T00:00:00.000Z,1.83,15,5.24,2.73,9,3.684,21
2025-01-03T00:00:00.000Z,3.21,29.5,10.26,7.51,15.71,7.738,24
2025-01-04T00:00:00.000Z,8.06,26.1,14.95,10.88,19.14,5.169,24
2025-01-05T00:00:00.000Z,0.87,22.6,2.27,1.19,9.4,5.985,24
2025-01-06T00:00:00.000Z,0.45,5.45,1.9,1.11,3.53,1.471,24
2025-01-07T00:00:00.000Z,1.12,10.28,3.34,2.62,6.61,2.603,24
2025-01-08T00:00:00.000Z,4.46,29.52,11.56,8.4,17.02,7.247,24
2025-01-09T00:00:00.000Z,9.27,27.02,18.73,13.12,21.16,4.885,24
2025-01-10T00:00:00.000Z,19.85,64.92,29.99,23.26,38.13,12.897,24
2025-01-11T00:00:00.000Z,37.96,80.11,55.58,52.52,69.7,12.539,24
2025-01-12T00:00:00.000Z,13.51,81.44,37.74,20.11,53.05,21.754,24
2025-01-13T00:00:00.000Z,5.27,25.5,12.32,8.66,17.72,5.649,22
2025-01-14T00:00:00.000Z,13.69,31.38,20.35,16.38,24.29,5.029,18
2025-01-15T00:00:00.000Z,10.01,33.15,24.64,20.51,27.08,5.482,24
2025-01-16T00:00:00.000Z,11.47,29.33,22.91,18.97,25.22,4.701,24
2025-01-17T00:00:00.000Z,21.11,38.04,30.39,27.59,34.83,4.878,24
2025-01-18T00:00:00.000Z,28.29,40.1,38.15,36.82,39.09,2.821,24
2025-01-19T00:00:00.000Z,26.84,37.18,30.3,28.03,34.97,3.505,24
2025-01-20T00:00:00.000Z,24.31,35.45,28.1,26.01,32.27,3.671,24
2025-01-21T00:00:00.000Z,29.56,37.44,35.04,31.98,36.74,2.51,24
2025-01-22T00:00:00.000Z,30.12,37.88,34.77,32.59,36.59,2.197,24
2025-01-23T00:00:00.000Z,1.27,38.18,9.67,2.92,32.84,14.466,20
2025-01-24T00:00:00.000Z,1.1,11.38,3.89,3.04,7.32,3.031,18
2025-01-25T00:00:00.000Z,0.89,31.83,3.09,1.94,15.2,11.241,20
2025-01-26T00:00:00.000Z,1.31,22.91,3.38,1.81,5.36,4.769,24
2025-01-27T00:00:00.000Z,0.39,3.33,1.95,1.56,2.42,0.73,24
2025-01-28T00:00:00.000Z,1.24,8.14,2.7,1.67,3.48,1.736,24
2025-01-29T00:00:00.000Z,1.35,14.15,5.76,3.24,8.51,3.566,24
2025-01-30T00:00:00.000Z,1.61,14.58,4.44,2.38,9.89,4.299,20
2025-01-31T00:00:00.000Z,1.87,22.1,6.3,3.9,14,5.987,24
2025-02-01T00:00:00.000Z,6.38,33.4,13.6,10.4,17.02,7.755,24
2025-02-02T00:00:00.000Z,12.06,37.03,28.88,18.84,32.27,7.883,24
2025-02-03T00:00:00.000Z,13.53,40.92,24.02,17.98,38.18,9.691,24
2025-02-04T00:00:00.000Z,2.61,18.42,4.97,3.49,12.09,5.257,24
2025-02-05T00:00:00.000Z,2.25,9.44,5.01,3.39,6.45,1.816,24
2025-02-06T00:00:00.000Z,2.11,28.93,5.74,3.07,17.5,9.001,24
2025-02-07T00:00:00.000Z,1.97,34.7,14.52,6.34,27.06,11.604,24
2025-02-08T00:00:00.000Z,18.92,37.4,34.94,27.15,35.76,6.08,24
2025-02-09T00:00:00.000Z,9.59,52.9,27.77,17.28,35.2,11.568,24
2025-02-10T00:00:00.000Z,39.45,51.25,43.58,41.39,45.66,3.206,24
2025-02-11T00:00:00.000Z,31.64,50.79,35.49,33.78,40.19,5.255,24
2025-02-12T00:00:00.000Z,23.23,45.93,32.61,26.01,35.19,5.273,24
2025-02-13T00:00:00.000Z,14.32,38.31,32.64,24.68,36.88,8.316,24
2025-02-14T00:00:00.000Z,13.25,36.58,25.05,20.85,30.9,7.063,24
2025-02-15T00:00:00.000Z,24.23,35.14,32,29.05,32.72,2.874,24
2025-02-16T00:00:00.000Z,19.44,39.19,31,23.79,35.81,6.447,24
2025-02-17T00:00:00.000Z,16.3,33.74,27.17,20.76,29.87,4.955,24
2025-02-18T00:00:00.000Z,26.06,42.73,34.89,30.94,37.5,4.527,24
2025-02-19T00:00:00.000Z,32.42,43.66,35.36,33.74,36.57,3.098,24
2025-02-20T00:00:00.000Z,1.17,44.1,3.57,2.36,6.54,11.891,24
2025-02-21T00:00:00.000Z,3.02,23.53,10.81,6.53,16.87,6.483,24
2025-02-22T00:00:00.000Z,2.02,15.03,8.94,4.57,10.85,3.81,24
2025-02-23T00:00:00.000Z,2.18,12.47,3.25,2.52,3.97,2.875,24
2025-02-24T00:00:00.000Z,0.61,6.02,1.85,1.2,3.43,1.806,24
2025-02-25T00:00:00.000Z,1.29,6.55,2.73,1.74,3.97,1.394,24
2025-02-26T00:00:00.000Z,0.78,3.99,2.5,2.29,3.34,0.787,24
2025-02-27T00:00:00.000Z,1.58,12.49,2.96,2.5,8.03,3.129,17
2025-02-28T00:00:00.000Z,5.63,24.23,17.39,16.37,19.71,5.617,6
2025-03-01T00:00:00.000Z,2.1,30.94,9.08,5.27,24.7,9.991,19
2025-03-02T00:00:00.000Z,9.5,38.57,25.35,12.92,30.44,9.587,24
2025-03-03T00:00:00.000Z,12.66,42.57,29.33,21.51,40.42,10.435,24
2025-03-04T00:00:00.000Z,7.58,38.85,33.02,15.35,35.19,10.738,24
2025-03-05T00:00:00.000Z,24.63,44.78,33.86,28.62,41.94,6.8,24
2025-03-06T00:00:00.000Z,30.21,32.88,31.2,30.35,32.13,0.933,5
2025-03-07T00:00:00.000Z,8.44,15.75,11.89,9.5,13.63,2.392,19
2025-03-08T00:00:00.000Z,8.94,40.33,19.39,13.63,27.75,8.442,24
2025-03-09T00:00:00.000Z,19.23,61.36,35.7,26.68,39.92,9.674,24
2025-03-10T00:00:00.000Z,40.99,68.06,56.86,48.97,66.62,9.108,24
2025-03-11T00:00:00.000Z,1.85,38.93,4.21,3.42,6.47,10.77,24
2025-03-12T00:00:00.000Z,2.19,9.59,5.89,4.34,8.08,2.242,24
2025-03-13T00:00:00.000Z,2.16,9.28,6.43,4.59,8.49,2.088,24
2025-03-14T00:00:00.000Z,2.9,28.51,6.47,4.25,22.36,9.595,24
2025-03-15T00:00:00.000Z,1.8,12.89,6.7,4.41,8.52,2.769,24
2025-03-16T00:00:00.000Z,1.05,10.9,3.49,2,7.47,3.215,24
2025-03-17T00:00:00.000Z,2.25,16.57,5.51,3.65,8.64,4.713,24
2025-03-18T00:00:00.000Z,6.2,26.5,13.15,8.27,16.42,5.235,24
2025-03-19T00:00:00.000Z,5.5,37.47,26.09,11.27,32.63,11.142,24
2025-03-20T00:00:00.000Z,3.65,29.6,17.32,7.73,22.9,8.029,24
2025-03-21T00:00:00.000Z,6.5,37.31,17.54,9.19,33.08,11.537,24
2025-03-22T00:00:00.000Z,4.17,24.58,8.68,5.85,15.15,5.986,24
2025-03-23T00:00:00.000Z,27.99,42.12,33.17,30.67,38.21,4.235,24
2025-03-24T00:00:00.000Z,28.36,47.36,34.71,31.59,36.65,4.578,24
2025-03-25T00:00:00.000Z,11.29,53.76,25.29,17.13,51.48,16.097,24
2025-03-26T00:00:00.000Z,3.09,26.98,17.92,10.9,25.16,8.167,24
2025-03-27T00:00:00.000Z,4.24,24.42,18.52,9.66,22.2,7.126,8
2025-03-28T00:00:00.000Z,0.73,6.69,2.42,1.65,3.96,1.83,20
2025-03-29T00:00:00.000Z,1.41,6.11,2.95,2.09,3.55,1.064,24
2025-03-30T00:00:00.000Z,1.95,4.93,3.54,2.59,4.15,0.892,24
2025-03-31T00:00:00.000Z,1.11,9.4,3.06,2.43,5.25,2.263,24
2025-04-01T00:00:00.000Z,1.13,18.64,10.62,6.69,12.81,4.593,24
2025-04-02T00:00:00.000Z,4.96,22.34,14.64,7.21,18.55,5.512,24
2025-04-03T00:00:00.000Z,13.65,33.59,23.93,19.22,26.53,5.109,24
2025-04-04T00:00:00.000Z,10.02,37.49,21.13,13.25,35.25,9.843,24
2025-04-05T00:00:00.000Z,1.89,14.54,5.05,2.24,7.15,3.427,24
2025-04-06T00:00:00.000Z,2.13,8.24,3.64,3.21,3.93,1.079,24
2025-04-07T00:00:00.000Z,4.01,18.68,6.99,5.22,9.75,3.425,24
2025-04-08T00:00:00.000Z,5.01,26.43,16.59,13.18,23.09,6.027,24
2025-04-09T00:00:00.000Z,4.57,18.93,7.44,6.83,11.01,3.91,24
2025-04-10T00:00:00.000Z,7.37,17.66,10.35,9.05,11.04,2.535,24
2025-04-11T00:00:00.000Z,8,32.69,15.16,9.73,24.8,8.693,24
2025-04-12T00:00:00.000Z,4.15,48.45,18.73,8.94,34.2,13.887,24
2025-04-13T00:00:00.000Z,3.11,19.77,10.09,5,16.35,5.65,23
2025-04-14T00:00:00.000Z,1.56,16.75,4.62,2.78,8.01,3.982,24
2025-04-15T00:00:00.000Z,1.09,31.22,14.47,5.86,23.61,9.33,24
2025-04-16T00:00:00.000Z,0.78,2.52,1.48,1.1,2.06,0.551,24
2025-04-17T00:00:00.000Z,1.63,9.38,3.36,2.49,6.05,2.183,24
2025-04-18T00:00:00.000Z,1.55,17.91,7.2,1.93,14.84,6.255,24
2025-04-19T00:00:00.000Z,1.95,22.72,11.19,4.3,19.85,7.553,21
2025-04-20T00:00:00.000Z,4.7,19.48,6.43,5.57,7.17,3.225,24
2025-04-21T00:00:00.000Z,1.93,24.54,18.42,4.34,21.91,8.374,24
2025-04-22T00:00:00.000Z,1.39,7.23,2.81,2.19,3.43,1.512,24
2025-04-23T00:00:00.000Z,2.31,10.77,3.52,2.76,5.93,2.597,24
2025-04-24T00:00:00.000Z,6.42,27.4,11.67,7.47,21.3,7.765,24
2025-04-25T00:00:00.000Z,7.94,19.62,12.8,11.18,13.84,2.724,24
2025-04-26T00:00:00.000Z,15.98,36.06,20.88,17.45,30.05,6.509,24
2025-04-27T00:00:00.000Z,9.84,37.84,19.41,15.71,35.35,10.064,24
2025-04-28T00:00:00.000Z,8.17,24.38,11.53,9.94,20.52,5.56,24
2025-04-29T00:00:00.000Z,5.28,30.37,15.31,9.08,23.84,8.163,23
2025-04-30T00:00:00.000Z,10.13,32.94,19.05,13.54,22.64,5.733,24
2025-05-01T00:00:00.000Z,2.92,50.59,11.54,7.35,41.3,17.087,24
2025-05-02T00:00:00.000Z,6.34,20.57,15.97,9.67,18.52,4.515,21
2025-05-03T00:00:00.000Z,1.71,29.08,4.08,2.4,19.52,10.162,20
2025-05-04T00:00:00.000Z,1.56,3.39,2.34,2.06,2.6,0.412,24
2025-05-05T00:00:00.000Z,1.4,3.95,2.18,1.92,2.86,0.73,24
2025-05-06T00:00:00.000Z,2.25,6.58,3.46,2.77,4.13,1.141,24
2025-05-07T00:00:00.000Z,2.89,6.84,4.05,3.53,4.98,1.047,24
2025-05-08T00:00:00.000Z,2.46,5.39,3.67,3.1,4.54,0.847,24
2025-05-09T00:00:00.000Z,2.57,21.15,6.65,4.88,11.56,5.814,24
2025-05-10T00:00:00.000Z,2.29,16.55,6.58,4.38,9.47,3.478,24
2025-05-11T00:00:00.000Z,4.37,16.46,9.46,8.34,11.98,3.269,24
2025-05-12T00:00:00.000Z,2.27,23.01,3.55,2.82,7.45,5.845,24
2025-05-13T00:00:00.000Z,4.15,27.69,7.9,5.45,11.36,5.44,24
2025-05-14T00:00:00.000Z,3.24,18.5,7.05,4.72,9.52,4.149,24
2025-05-15T00:00:00.000Z,4.57,8.4,6.87,6.03,7.24,0.971,24
2025-05-16T00:00:00.000Z,6.44,14.61,8.08,7.7,9.69,1.957,24
2025-05-17T00:00:00.000Z,3.02,12.59,7,5.26,7.52,2.311,24
2025-05-18T00:00:00.000Z,6.79,17.48,9.93,7.67,12.62,3.231,24
2025-05-19T00:00:00.000Z,3.18,12.67,7.71,3.96,10.45,3.448,24
2025-05-20T00:00:00.000Z,2.95,12.78,4.87,4.3,7.07,2.446,24
2025-05-21T00:00:00.000Z,2.87,18.07,7.7,4.09,14.54,5.269,24
2025-05-22T00:00:00.000Z,2.35,6.82,5.44,4.26,6.05,1.26,24
2025-05-23T00:00:00.000Z,3.09,10.35,4.83,4.13,6.7,1.904,24
2025-05-24T00:00:00.000Z,4.01,13.79,6.35,4.91,10.09,2.954,24
2025-05-25T00:00:00.000Z,0.65,5.38,1.9,1.27,2.33,1.343,24
2025-05-26T00:00:00.000Z,1.92,3.59,2.75,2.5,3.05,0.39,24
2025-05-27T00:00:00.000Z,1.96,5.71,3.47,2.58,3.78,0.922,24
2025-05-28T00:00:00.000Z,0.63,2.84,1.63,1.39,2.56,0.664,24
2025-05-29T00:00:00.000Z,1.72,9.44,3.62,2.27,4.51,1.984,24
2025-05-30T00:00:00.000Z,1.68,14.09,3.73,2.31,4.91,2.748,24
2025-05-31T00:00:00.000Z,1.75,7.48,3.44,2.79,6.15,1.835,24
2025-06-01T00:00:00.000Z,1.62,8.74,2.59,2.16,6.51,2.318,24
2025-06-02T00:00:00.000Z,1.69,3.63,2.45,2.27,2.76,0.459,24
2025-06-03T00:00:00.000Z,2.57,6.1,4.12,3.62,4.94,0.946,24
2025-06-04T00:00:00.000Z,1.64,4.54,2.31,2,2.73,0.718,24
2025-06-05T00:00:00.000Z,1.67,6.26,3.63,2.66,4.4,1.293,24
2025-06-06T00:00:00.000Z,0.65,2.57,1.65,1,2.12,0.609,24
2025-06-07T00:00:00.000Z,0.66,4.05,2.13,1.38,2.91,1.004,24
2025-06-08T00:00:00.000Z,1.12,14.08,2.09,1.78,7,3.933,24
2025-06-09T00:00:00.000Z,12.6,25.21,19.88,14.47,24.24,4.861,24
2025-06-10T00:00:00.000Z,1.08,15.84,3.62,2.27,6.6,4.11,24
2025-06-11T00:00:00.000Z,4.17,17.16,8.98,7.16,11.16,3.637,24
2025-06-12T00:00:00.000Z,5.24,22.08,13.45,7.06,17.39,5.623,24
2025-06-13T00:00:00.000Z,3.71,11.04,8.55,6.23,9.48,1.934,24
2025-06-14T00:00:00.000Z,3.24,14.28,4.76,4.3,11.15,3.833,24
2025-06-15T00:00:00.000Z,3.35,7.78,5.46,4.87,6.26,1,24
2025-06-16T00:00:00.000Z,2.18,7.87,4.82,4.37,5.2,1.34,24
2025-06-17T00:00:00.000Z,3.18,8.34,4.99,3.99,5.94,1.465,24
2025-06-18T00:00:00.000Z,3.9,11.11,6.5,5.26,8.91,2.118,24
2025-06-19T00:00:00.000Z,7.19,13.19,10.37,9.24,11.59,1.587,24
2025-06-20T00:00:00.000Z,7.22,21.93,9.4,8.13,18.13,5.307,24
2025-06-21T00:00:00.000Z,4.12,12.63,5.81,5.01,9.19,2.792,24
2025-06-22T00:00:00.000Z,1.86,13.56,4.13,3.47,6.28,2.76,24
2025-06-23T00:00:00.000Z,1.03,3.42,1.39,1.19,2.54,0.834,16
2025-06-28T00:00:00.000Z,1.51,6.89,3.05,1.91,4.83,1.608,19
2025-06-29T00:00:00.000Z,2.82,6.5,3.16,3.03,3.72,1.138,24
2025-06-30T00:00:00.000Z,3.17,5.8,4.59,3.78,5.13,0.78,24
2025-07-01T00:00:00.000Z,3.85,9.01,6.71,4.97,8.38,1.77,24
2025-07-02T00:00:00.000Z,1.2,14.64,6.18,1.49,10.71,4.767,24
2025-07-03T00:00:00.000Z,0.81,1.95,1.23,0.98,1.52,0.311,24
2025-07-04T00:00:00.000Z,1.62,4.21,2.4,2.13,3.77,0.881,24
2025-07-05T00:00:00.000Z,2.21,5.97,3.31,3.07,3.86,1.039,24
2025-07-06T00:00:00.000Z,2.38,4.41,3.52,3.21,3.99,0.52,24
2025-07-07T00:00:00.000Z,1.84,8.77,4.38,2.86,6.28,2.015,24
2025-07-08T00:00:00.000Z,1.84,6.43,2.94,2.5,3.76,1.138,24
2025-07-09T00:00:00.000Z,1.02,5.46,2.96,1.91,4.55,1.466,24
2025-07-10T00:00:00.000Z,1.14,4.43,3.1,2.2,3.89,1.012,24
2025-07-11T00:00:00.000Z,2.43,8.57,3.2,2.61,6.08,2.043,24
2025-07-12T00:00:00.000Z,2.99,13.39,3.76,3.4,5.21,2.719,24
2025-07-13T00:00:00.000Z,5.48,9.28,6.46,5.81,8.22,1.278,24
2025-07-14T00:00:00.000Z,1.57,18.01,4.34,2.52,9.02,5.035,24
2025-07-15T00:00:00.000Z,1.71,4.63,2.58,2.02,2.91,0.767,24
2025-07-16T00:00:00.000Z,1.23,5.12,3.6,2.04,3.93,1.092,24
2025-07-17T00:00:00.000Z,1.95,5.2,2.52,2.11,4.79,1.264,24
2025-07-18T00:00:00.000Z,2.97,8.68,5.81,4.8,6.57,1.488,24
2025-07-19T00:00:00.000Z,3.85,7.41,5.15,4.54,5.76,0.924,24
2025-07-20T00:00:00.000Z,0.72,6.81,3.48,1.52,5.16,2.074,24
2025-07-21T00:00:00.000Z,1.03,3.7,2.04,1.85,2.69,0.704,24
2025-07-22T00:00:00.000Z,1.67,4.76,2.61,2.33,3.45,0.822,24
2025-07-23T00:00:00.000Z,2.85,19.41,8.1,4.93,16.23,5.868,24
2025-07-24T00:00:00.000Z,5.89,17.73,9.9,7.4,15.02,4.194,24
2025-07-25T00:00:00.000Z,4.54,12.31,8.96,4.86,11.3,3.009,24
2025-07-26T00:00:00.000Z,1.94,12.35,4.3,2.59,11.24,4.049,24
2025-07-27T00:00:00.000Z,2.34,6.48,5.05,3.63,5.9,1.32,24
2025-07-28T00:00:00.000Z,3,7.45,5.38,3.45,6.56,1.516,24
2025-07-29T00:00:00.000Z,3.88,8.09,4.43,4.28,7.25,1.557,24
2025-07-30T00:00:00.000Z,3.14,11.24,5.21,3.96,9.42,2.775,24
2025-07-31T00:00:00.000Z,3.5,7.46,4.83,3.86,6.07,1.216,24
2025-08-01T00:00:00.000Z,2.38,5.99,3.65,2.92,4.13,0.86,24
2025-08-02T00:00:00.000Z,1.81,4.79,3.04,2.34,3.4,0.748,24
2025-08-03T00:00:00.000Z,1.7,7.78,5.41,2.76,6.89,2.152,24
2025-08-04T00:00:00.000Z,1.61,7.35,4.55,1.91,5.23,1.909,24
2025-08-05T00:00:00.000Z,1.01,2.9,1.99,1.27,2.29,0.577,24
2025-08-06T00:00:00.000Z,2.38,3.76,3.34,3.14,3.46,0.324,24
2025-08-07T00:00:00.000Z,3.33,5.07,4.75,4.41,4.95,0.496,24
2025-08-08T00:00:00.000Z,2.36,11.14,4.91,3.47,10.13,3.324,24
2025-08-09T00:00:00.000Z,1.75,5.77,3.28,2.22,3.72,0.984,24
2025-08-10T00:00:00.000Z,6.53,16.54,11.41,8.52,14.65,3.417,24
2025-08-11T00:00:00.000Z,9.11,16.07,10.58,9.49,15.76,2.942,24
2025-08-12T00:00:00.000Z,8.46,20.17,12.61,9.1,16.57,3.902,24
2025-08-13T00:00:00.000Z,14.62,22.01,17.13,16.35,18.52,1.794,24
2025-08-14T00:00:00.000Z,1.25,18.27,5.05,1.52,17.32,7.314,24
2025-08-15T00:00:00.000Z,1.66,10.77,3.25,2.38,4.47,2.437,24
2025-08-16T00:00:00.000Z,4.86,12,8.02,5.86,10.97,2.536,24
2025-08-17T00:00:00.000Z,2.4,5.01,3.73,3.54,4.88,0.788,24
2025-08-18T00:00:00.000Z,1.39,4.63,2.44,2.04,3.68,0.94,24
2025-08-19T00:00:00.000Z,2.31,7.21,4.88,3.76,6.03,1.356,24
2025-08-20T00:00:00.000Z,2.1,5.07,3.25,2.75,3.64,0.779,24
2025-08-21T00:00:00.000Z,1.61,3.52,3.09,1.96,3.34,0.724,24
2025-08-22T00:00:00.000Z,1.13,4.03,2.98,2.2,3.42,0.866,24
2025-08-23T00:00:00.000Z,4.32,6.6,4.93,4.7,5.52,0.625,24
2025-08-24T00:00:00.000Z,1.9,5.74,3.46,2.21,4.96,1.392,24
2025-08-25T00:00:00.000Z,1.35,10.62,4,2.09,5.79,2.681,24
2025-08-26T00:00:00.000Z,2.21,6.63,3.35,2.78,5.18,1.486,24
2025-08-27T00:00:00.000Z,2.45,3.33,2.99,2.86,3.19,0.243,24
2025-08-28T00:00:00.000Z,1.19,3.22,1.59,1.36,2.76,0.722,24
2025-08-29T00:00:00.000Z,1.78,4.9,2.72,2.19,3.39,0.823,24
2025-08-30T00:00:00.000Z,1.06,3.83,1.82,1.38,3.2,0.931,24
2025-08-31T00:00:00.000Z,1.47,3.53,2.17,1.72,2.79,0.627,24
2025-09-01T00:00:00.000Z,1.77,3.42,2.31,2.12,2.78,0.438,24
2025-09-02T00:00:00.000Z,2.04,3.49,2.72,2.4,2.9,0.356,24
2025-09-03T00:00:00.000Z,0.75,4.7,2.5,2.19,3.15,0.901,24
2025-09-04T00:00:00.000Z,0.8,3.06,1.94,1.25,2.36,0.674,24
2025-09-05T00:00:00.000Z,0.89,3.76,2.57,1.58,3.16,0.873,24
2025-09-06T00:00:00.000Z,0.98,5.64,3.38,1.57,4.92,1.617,24
2025-09-07T00:00:00.000Z,1.51,5.73,2.47,1.93,3.99,1.245,24
2025-09-08T00:00:00.000Z,1.31,2.76,1.8,1.6,2.06,0.348,24
2025-09-09T00:00:00.000Z,1.11,4.53,2.31,1.77,3.07,0.943,24
2025-09-10T00:00:00.000Z,1.56,12.87,2.29,2.06,2.9,2.959,24
2025-09-11T00:00:00.000Z,1.62,3.66,2.63,2.4,2.96,0.441,24
2025-09-12T00:00:00.000Z,1.11,2.86,1.56,1.4,1.78,0.439,24
2025-09-13T00:00:00.000Z,1.22,3.45,1.68,1.4,2.31,0.654,24
2025-09-14T00:00:00.000Z,1.33,3.29,2.54,2.29,2.78,0.474,24
2025-09-15T00:00:00.000Z,1.24,3.28,2.25,1.6,2.91,0.678,24
2025-09-16T00:00:00.000Z,0.83,2.2,1.67,1.11,2.02,0.467,24
2025-09-17T00:00:00.000Z,1.91,5.42,3.37,2.41,4.51,1.163,24
2025-09-18T00:00:00.000Z,2.27,8.94,4.91,3.31,5.86,1.758,24
2025-09-19T00:00:00.000Z,2.79,11.81,4.99,4.16,8.26,2.809,24
2025-09-20T00:00:00.000Z,0.77,18.19,9.36,3.24,12.83,5.329,24
2025-09-21T00:00:00.000Z,0.32,1.97,1.57,0.59,1.86,0.632,24
2025-09-22T00:00:00.000Z,1.54,2.75,1.96,1.69,2.37,0.376,24
2025-09-23T00:00:00.000Z,1.96,3.23,2.71,2.33,2.88,0.314,24
2025-09-24T00:00:00.000Z,0.76,3.17,2.23,1.43,2.64,0.716,24
2025-09-25T00:00:00.000Z,1.22,3.55,1.97,1.62,2.49,0.596,24
2025-09-26T00:00:00.000Z,2.25,18.98,5.53,2.54,8.82,4.945,24
2025-09-27T00:00:00.000Z,3.46,22.58,15.36,6.17,21.71,7.19,24
2025-09-28T00:00:00.000Z,8.52,24.75,13.22,9.07,16.77,4.988,24
2025-09-29T00:00:00.000Z,4.2,25.63,16.66,6.27,21.35,7.478,24
2025-09-30T00:00:00.000Z,4.38,18.98,10.7,7.53,14.19,4.213,24
2025-10-01T00:00:00.000Z,8.6,21.74,12.29,11.16,16.48,3.553,24
2025-10-02T00:00:00.000Z,7.04,30.09,17.3,11.1,28.28,8.498,24
2025-10-03T00:00:00.000Z,0.53,10.66,5.46,2.54,8.81,3.468,24
2025-10-04T00:00:00.000Z,0.97,2.74,1.92,1.58,2.25,0.423,24
2025-10-05T00:00:00.000Z,0.77,2.54,1.86,1.42,2.25,0.539,24
2025-10-06T00:00:00.000Z,2,5.16,2.77,2.27,3.36,1.006,24
2025-10-07T00:00:00.000Z,1.98,7.54,4.16,2.89,4.88,1.617,24
2025-10-08T00:00:00.000Z,3.45,7.68,5.44,4.75,6.19,1.056,24
2025-10-09T00:00:00.000Z,3.35,8.55,5.39,4.15,7.46,1.661,24
2025-10-10T00:00:00.000Z,8.46,16.25,11.44,10.29,14.74,2.455,24
2025-10-11T00:00:00.000Z,14.87,24.04,18.84,17.02,20.37,2.443,24
2025-10-12T00:00:00.000Z,9.59,28.3,25.88,18.94,27.38,5.821,24
2025-10-13T00:00:00.000Z,1.21,17.48,5.97,2.61,11.5,5.062,24
2025-10-14T00:00:00.000Z,1.08,9.44,4.73,3.3,6.76,2.511,24
2025-10-15T00:00:00.000Z,2.38,5.71,4.68,3.4,5.4,1.043,24
2025-10-16T00:00:00.000Z,3.34,11.19,5.04,4.33,7.21,2.277,24
2025-10-17T00:00:00.000Z,4.04,10.25,5.28,4.46,6.79,1.566,24
2025-10-18T00:00:00.000Z,4.76,18.64,14.88,10.67,17.05,4.379,24
2025-10-19T00:00:00.000Z,3.84,15.09,11.05,9.44,12.28,2.39,24
2025-10-20T00:00:00.000Z,1.7,26.33,2.85,2.31,4.01,7.402,24
2025-10-21T00:00:00.000Z,1.39,12.73,2.34,1.82,2.92,2.375,24
2025-10-22T00:00:00.000Z,2.58,7.4,4.16,3.19,5.03,1.29,24
2025-10-23T00:00:00.000Z,1,4.86,1.65,1.34,2.22,0.82,24
2025-10-24T00:00:00.000Z,1.06,2.61,1.33,1.14,1.86,0.525,24
2025-10-25T00:00:00.000Z,1.01,2.52,1.51,1.32,2.04,0.439,24
2025-10-26T00:00:00.000Z,0.56,2.18,1.13,0.8,1.72,0.513,24
2025-10-27T00:00:00.000Z,1.07,3.51,1.86,1.38,2.48,0.706,24
2025-10-28T00:00:00.000Z,0.56,5.13,1.98,1.17,2.88,1.32,24
2025-10-29T00:00:00.000Z,1.19,9.11,2.81,1.28,5.05,2.539,24
2025-10-30T00:00:00.000Z,1.97,4.88,3.15,2.91,3.68,0.758,24
2025-10-31T00:00:00.000Z,2.78,4.51,3.19,3.01,3.84,0.478,24
2025-11-01T00:00:00.000Z,1.14,8.86,2.04,1.67,3.45,2.068,24
2025-11-02T00:00:00.000Z,0.96,9.59,3.11,1.48,4.18,2.121,24
2025-11-03T00:00:00.000Z,1.93,5.74,3.26,2.7,3.67,0.861,24
2025-11-04T00:00:00.000Z,1.68,8.35,3.61,2.41,4.3,1.577,24
2025-11-05T00:00:00.000Z,3.18,9.49,3.58,3.27,5.43,2.035,24
2025-11-06T00:00:00.000Z,3.83,17.96,5.15,4.34,7.54,3.86,24
2025-11-07T00:00:00.000Z,3.62,19.94,9.89,6.17,18.17,5.925,24
2025-11-08T00:00:00.000Z,2.6,39.22,4.54,3.34,6.31,11.015,24
2025-11-09T00:00:00.000Z,2.73,34.11,4.92,3.92,18.04,9.968,24
2025-11-10T00:00:00.000Z,2.12,4.93,3.09,2.64,3.54,0.737,24
2025-11-11T00:00:00.000Z,1.82,4.14,3.5,2.61,3.64,0.682,24
2025-11-12T00:00:00.000Z,3.08,8.05,4.14,3.45,6.86,1.85,24
2025-11-13T00:00:00.000Z,3.58,19.96,5.22,4.36,7.47,4.011,24
2025-11-14T00:00:00.000Z,21.67,28.18,26.8,25.57,28.12,1.945,11